INSERT INTO candidates(candidate_id, name, email, location, skills) VALUES 
(1, 'Alice Rossi', 'alice.rossi@gmail.com', 'Roma', 'Python, SQL, Pandas'),
(2, 'Marco Bianchi', 'marco.bianchi@gmail.com', 'Milano', 'JavaScript, React '),
(3, 'Sara Verdi', 'sara.verdi@gmail.com', 'Torino', 'Python, ML, Scikit-learn'),
(4, 'Luca Neri', 'luca.neri@gmail.com', 'luca.neri@gmail.com', 'Napoli', 'Java, Spring'),
(5, 'Giulia Ferri', 'giulia.ferri@gmail.com', 'Bologna', 'SQL, PowerBI'),
(6, 'Paolo Gallo', 'paolo.gallo@gmail.com', 'Firenze', 'Python, FastAPI '),
(7, 'Elena Greco', 'elena.greco@gmail.com', 'Genova', 'Data Viz, Tableau'),
(8, 'Davide Conti', 'davide.conti@gmail.com', 'Verona', 'Node.js, Express'),
(9, 'Martina Riva', 'martina.riva@gmail.com', 'Bari', 'Python, NLP'),
(10, 'Andrea De Luca', 'andrea.deluca@gmail.com', 'Roma', 'SQL, ETL '),
(11, 'Chiara Serra', 'chiara.serra@gmail.com', 'Cagliari', 'QA, Cypress'),
(12, 'Matteo Fontana', 'matteo.fontana@gmail.com', 'Padova', 'Python, Django ');

INSERT INTO companies (company_id, name, industry, location) VALUES
(1, 'TechWave', 'Software', 'Roma'),
(2, 'DataSolutions', 'Consulting', 'Milano'),
(3, 'FoodieApp', 'FoodTech', 'Torino'),
(4, 'GreenLogix', 'Logistics', 'Bologna'),
(5, 'Mediscan', 'HealthTech', 'Firenze'),
(6, 'Shoply', 'E-commerce', 'Milano'),
(7, 'FinNext', 'FinTech', 'Roma' ),
(8, 'EduSpark', 'EdTech', 'Napoli');



INSERT INTO jobs (company_id, title, department, date_posted) VALUES
(1, 'Junior Data Analyst', 'Data', '2025-06-10'),
(1, 'Backend Developer', 'IT', '2025-06-20'),
(2, 'Data Scientist', 'AI', '2025-07-01'),
(3, 'Frontend Developer', 'Web', '2025-07-05'),
(4, 'BI Analyst', 'Analytics', '2025-07-12'),
(5, 'ML Engineer', 'R&D', '2025-07-18'),
(6, 'SQL Developer', 'Data', '2025-07-22'),
(7, 'Risk Analyst', 'Risk', '2025-07-28'),
(6, 'Junior Backend', 'Platform', '2025-08-03'),
(2, 'Analytics Engineer', 'Data', '2025-08-08'),
(8, 'Python Developer', 'Engineering', '2025-08-15'),
(3, 'Mobile Developer', 'App', '2025-08-20'),
(5, 'Data Engineer', 'Data', '2025-08-27'),
(4, 'DevOps Trainee', 'DevOps', '2025-09-02');

INSERT INTO applications (candidate_id, job_id, status, date_applied, last_update) VALUES
(1, 1, 'interview', '2025-06-12', '2025-06-18'),
(2, 4, 'rejected', '2025-07-06', '2025-07-12'),
(3, 3, 'offer', '2025-07-03', '2025-07-20'),
(4, 2, 'in_review', '2025-06-25', '2025-07-01'),
(5, 5, 'applied', '2025-07-13', '2025-07-13'),
(6, 6, 'interview', '2025-07-19', '2025-07-25'),
(7, 7, 'rejected', '2025-07-23', '2025-07-30'),
(8, 9, 'applied', '2025-08-04', '2025-08-04'),
(9, 11, 'in_review', '2025-08-16', '2025-08-22'),
(10, 10, 'interview', '2025-08-09', '2025-08-15'),
(11, 8, 'rejected', '2025-07-30', '2025-08-03'),
(12, 12, 'in_review', '2025-08-21', '2025-08-26'),
(1, 3, 'rejected', '2025-07-05', '2025-07-18'),
(2, 2, 'offer', '2025-06-22', '2025-07-02'),
(3, 6, 'hired', '2025-07-19', '2025-07-29'),
(4, 7, 'applied', '2025-07-24', '2025-07-24'),
(5, 1, 'in_review', '2025-06-11', '2025-06-16'),
(6, 5, 'interview', '2025-07-13', '2025-07-20'),
(7, 10, 'applied', '2025-08-08', '2025-08-08'),
(8, 4, 'in_review', '2025-07-06', '2025-07-10'),
(9, 3, 'rejected', '2025-07-04', '2025-07-22'),
(10, 11, 'interview', '2025-08-16', '2025-08-21'),
(11, 14, 'applied', '2025-09-03', '2025-09-03'),
(12, 13, 'in_review', '2025-08-28', '2025-09-02'),
(1, 10, 'interview', '2025-08-09', '2025-08-17'),
(2, 9, 'applied', '2025-08-04', '2025-08-04'),
(3, 1, 'rejected', '2025-06-12', '2025-06-20'),
(4, 12, 'in_review', '2025-08-21', '2025-08-27'),
(5, 6, 'offer', '2025-07-20', '2025-07-28'),
(6, 8, 'rejected', '2025-07-29', '2025-08-01'),
(7, 2, 'in_review', '2025-06-23', '2025-06-28'),
(8, 1, 'applied', '2025-06-13', '2025-06-13'),
(9, 5, 'interview', '2025-07-14', '2025-07-22'),
(10, 3, 'applied', '2025-07-02', '2025-07-02'),
(11, 7, 'in_review', '2025-07-24', '2025-07-29'),
(12, 11, 'hired', '2025-08-16', '2025-08-30'),
(1, 4, 'rejected', '2025-07-07', '2025-07-15'),
(2, 6, 'interview', '2025-07-19', '2025-07-26'),
(3, 10, 'offer', '2025-08-10', '2025-08-22'),
(4, 11, 'applied', '2025-08-15', '2025-08-15'),
(5, 3, 'in_review', '2025-07-03', '2025-07-08'),
(6, 1, 'rejected', '2025-06-11', '2025-06-19'),
(7, 13, 'applied', '2025-08-28', '2025-08-28'),
(8, 12, 'in_review', '2025-08-21', '2025-08-26'),
(9, 9, 'rejected', '2025-08-05', '2025-08-12'),
(10, 14, 'applied', '2025-09-04', '2025-09-04'),
(11, 2, 'interview', '2025-06-21', '2025-06-27'),
(12, 4, 'rejected', '2025-07-06', '2025-07-13');
